INSERT INTO sb_formtemplate_template (templateid,externalid,templatename) VALUES (1,'demandeCongesSimple8:folder',null);
INSERT INTO sb_formtemplate_template (templateid,externalid,templatename) VALUES (5,'demandeCongesSimple8:form:acceptation',null);
INSERT INTO sb_formtemplate_template (templateid,externalid,templatename) VALUES (6,'demandeCongesSimple8:form:refus',null);
INSERT INTO sb_formtemplate_template (templateid,externalid,templatename) VALUES (9,'classifieds18:classifieds','classifieds.xml');
INSERT INTO sb_formtemplate_template (templateid,externalid,templatename) VALUES (14,'gallery65:classifieds','classifieds.xml');
INSERT INTO sb_formtemplate_template (templateid,externalid,templatename) VALUES (15,'gallery65:model1','model1.xml');

INSERT INTO sb_formtemplate_record (recordid,templateid,externalid,lang) VALUES (3,1,'2',null);
INSERT INTO sb_formtemplate_record (recordid,templateid,externalid,lang) VALUES (5,5,'5',null);
INSERT INTO sb_formtemplate_record (recordid,templateid,externalid,lang) VALUES (14,14,'46',null);
INSERT INTO sb_formtemplate_record (recordid,templateid,externalid,lang) VALUES (15,14,'45',null);
INSERT INTO sb_formtemplate_record (recordid,templateid,externalid,lang) VALUES (16,14,'47',null);
INSERT INTO sb_formtemplate_record (recordid,templateid,externalid,lang) VALUES (17,14,'48',null);
INSERT INTO sb_formtemplate_record (recordid,templateid,externalid,lang) VALUES (18,14,'49',null);
INSERT INTO sb_formtemplate_record (recordid,templateid,externalid,lang) VALUES (19,14,'50',null);
INSERT INTO sb_formtemplate_record (recordid,templateid,externalid,lang) VALUES (20,14,'52',null);
INSERT INTO sb_formtemplate_record (recordid,templateid,externalid,lang) VALUES (21,14,'53',null);
INSERT INTO sb_formtemplate_record (recordid,templateid,externalid,lang) VALUES (22,14,'54',null);
INSERT INTO sb_formtemplate_record (recordid,templateid,externalid,lang) VALUES (23,14,'55',null);
INSERT INTO sb_formtemplate_record (recordid,templateid,externalid,lang) VALUES (24,14,'56',null);
INSERT INTO sb_formtemplate_record (recordid,templateid,externalid,lang) VALUES (25,14,'57',null);
INSERT INTO sb_formtemplate_record (recordid,templateid,externalid,lang) VALUES (26,14,'58',null);
INSERT INTO sb_formtemplate_record (recordid,templateid,externalid,lang) VALUES (27,14,'59',null);
INSERT INTO sb_formtemplate_record (recordid,templateid,externalid,lang) VALUES (28,14,'60',null);
INSERT INTO sb_formtemplate_record (recordid,templateid,externalid,lang) VALUES (29,14,'61',null);
INSERT INTO sb_formtemplate_record (recordid,templateid,externalid,lang) VALUES (30,14,'62',null);
INSERT INTO sb_formtemplate_record (recordid,templateid,externalid,lang) VALUES (31,14,'63',null);
INSERT INTO sb_formtemplate_record (recordid,templateid,externalid,lang) VALUES (32,14,'64',null);
INSERT INTO sb_formtemplate_record (recordid,templateid,externalid,lang) VALUES (33,14,'65',null);
INSERT INTO sb_formtemplate_record (recordid,templateid,externalid,lang) VALUES (34,14,'66',null);
INSERT INTO sb_formtemplate_record (recordid,templateid,externalid,lang) VALUES (35,14,'67',null);
INSERT INTO sb_formtemplate_record (recordid,templateid,externalid,lang) VALUES (36,14,'68',null);
INSERT INTO sb_formtemplate_record (recordid,templateid,externalid,lang) VALUES (37,14,'69',null);
INSERT INTO sb_formtemplate_record (recordid,templateid,externalid,lang) VALUES (38,14,'70',null);
INSERT INTO sb_formtemplate_record (recordid,templateid,externalid,lang) VALUES (39,14,'71',null);
INSERT INTO sb_formtemplate_record (recordid,templateid,externalid,lang) VALUES (40,14,'72',null);
INSERT INTO sb_formtemplate_record (recordid,templateid,externalid,lang) VALUES (41,14,'73',null);
INSERT INTO sb_formtemplate_record (recordid,templateid,externalid,lang) VALUES (42,14,'74',null);
INSERT INTO sb_formtemplate_record (recordid,templateid,externalid,lang) VALUES (43,14,'75',null);
INSERT INTO sb_formtemplate_record (recordid,templateid,externalid,lang) VALUES (44,14,'76',null);
INSERT INTO sb_formtemplate_record (recordid,templateid,externalid,lang) VALUES (45,14,'77',null);
INSERT INTO sb_formtemplate_record (recordid,templateid,externalid,lang) VALUES (46,14,'78',null);
INSERT INTO sb_formtemplate_record (recordid,templateid,externalid,lang) VALUES (47,14,'79',null);
INSERT INTO sb_formtemplate_record (recordid,templateid,externalid,lang) VALUES (48,14,'80',null);
INSERT INTO sb_formtemplate_record (recordid,templateid,externalid,lang) VALUES (49,14,'81',null);
INSERT INTO sb_formtemplate_record (recordid,templateid,externalid,lang) VALUES (50,14,'82',null);
INSERT INTO sb_formtemplate_record (recordid,templateid,externalid,lang) VALUES (51,14,'83',null);
INSERT INTO sb_formtemplate_record (recordid,templateid,externalid,lang) VALUES (52,14,'84',null);
INSERT INTO sb_formtemplate_record (recordid,templateid,externalid,lang) VALUES (53,14,'85',null);
INSERT INTO sb_formtemplate_record (recordid,templateid,externalid,lang) VALUES (54,14,'86',null);
INSERT INTO sb_formtemplate_record (recordid,templateid,externalid,lang) VALUES (55,14,'87',null);
INSERT INTO sb_formtemplate_record (recordid,templateid,externalid,lang) VALUES (56,14,'88',null);
INSERT INTO sb_formtemplate_record (recordid,templateid,externalid,lang) VALUES (57,14,'89',null);
INSERT INTO sb_formtemplate_record (recordid,templateid,externalid,lang) VALUES (58,14,'90',null);
INSERT INTO sb_formtemplate_record (recordid,templateid,externalid,lang) VALUES (59,14,'91',null);
INSERT INTO sb_formtemplate_record (recordid,templateid,externalid,lang) VALUES (60,14,'92',null);
INSERT INTO sb_formtemplate_record (recordid,templateid,externalid,lang) VALUES (61,14,'93',null);
INSERT INTO sb_formtemplate_record (recordid,templateid,externalid,lang) VALUES (62,14,'94',null);
INSERT INTO sb_formtemplate_record (recordid,templateid,externalid,lang) VALUES (63,14,'95',null);
INSERT INTO sb_formtemplate_record (recordid,templateid,externalid,lang) VALUES (64,14,'96',null);
INSERT INTO sb_formtemplate_record (recordid,templateid,externalid,lang) VALUES (65,14,'99',null);
INSERT INTO sb_formtemplate_record (recordid,templateid,externalid,lang) VALUES (66,14,'97',null);
INSERT INTO sb_formtemplate_record (recordid,templateid,externalid,lang) VALUES (67,14,'51',null);
INSERT INTO sb_formtemplate_record (recordid,templateid,externalid,lang) VALUES (69,9,'7',null);
INSERT INTO sb_formtemplate_record (recordid,templateid,externalid,lang) VALUES (70,9,'8',null);
INSERT INTO sb_formtemplate_record (recordid,templateid,externalid,lang) VALUES (71,9,'9',null);
INSERT INTO sb_formtemplate_record (recordid,templateid,externalid,lang) VALUES (72,9,'10',null);
INSERT INTO sb_formtemplate_record (recordid,templateid,externalid,lang) VALUES (73,9,'11',null);
INSERT INTO sb_formtemplate_record (recordid,templateid,externalid,lang) VALUES (74,9,'12',null);
INSERT INTO sb_formtemplate_record (recordid,templateid,externalid,lang) VALUES (106,9,'16',null);

INSERT INTO sb_formtemplate_templatefield (templateid,fieldname,fieldindex,fieldtype,ismandatory,isreadonly,ishidden) VALUES (1,'nature',0,'text',0,0,1);
INSERT INTO sb_formtemplate_templatefield (templateid,fieldname,fieldindex,fieldtype,ismandatory,isreadonly,ishidden) VALUES (1,'natureAutre',1,'text',0,0,1);
INSERT INTO sb_formtemplate_templatefield (templateid,fieldname,fieldindex,fieldtype,ismandatory,isreadonly,ishidden) VALUES (1,'duree',2,'text',0,0,1);
INSERT INTO sb_formtemplate_templatefield (templateid,fieldname,fieldindex,fieldtype,ismandatory,isreadonly,ishidden) VALUES (1,'dateDebut',3,'date',0,0,1);
INSERT INTO sb_formtemplate_templatefield (templateid,fieldname,fieldindex,fieldtype,ismandatory,isreadonly,ishidden) VALUES (1,'dateFin',4,'date',0,0,1);
INSERT INTO sb_formtemplate_templatefield (templateid,fieldname,fieldindex,fieldtype,ismandatory,isreadonly,ishidden) VALUES (1,'debutJourneeOuDemi',5,'text',0,0,1);
INSERT INTO sb_formtemplate_templatefield (templateid,fieldname,fieldindex,fieldtype,ismandatory,isreadonly,ishidden) VALUES (1,'finJourneeOuDemi',6,'text',0,0,1);
INSERT INTO sb_formtemplate_templatefield (templateid,fieldname,fieldindex,fieldtype,ismandatory,isreadonly,ishidden) VALUES (1,'motifRefus',7,'text',0,0,1);
INSERT INTO sb_formtemplate_templatefield (templateid,fieldname,fieldindex,fieldtype,ismandatory,isreadonly,ishidden) VALUES (1,'commentaires',8,'text',0,0,1);
INSERT INTO sb_formtemplate_templatefield (templateid,fieldname,fieldindex,fieldtype,ismandatory,isreadonly,ishidden) VALUES (5,'commentaires',0,'text',0,0,1);
INSERT INTO sb_formtemplate_templatefield (templateid,fieldname,fieldindex,fieldtype,ismandatory,isreadonly,ishidden) VALUES (6,'motifRefus',0,'text',0,0,1);

INSERT INTO sb_formtemplate_textfield (recordid,fieldname,fieldvalue,fieldvalueindex) VALUES (3,'nature','Autre',0);
INSERT INTO sb_formtemplate_textfield (recordid,fieldname,fieldvalue,fieldvalueindex) VALUES (3,'natureAutre','Parenité',0);
INSERT INTO sb_formtemplate_textfield (recordid,fieldname,fieldvalue,fieldvalueindex) VALUES (3,'duree','11',0);
INSERT INTO sb_formtemplate_textfield (recordid,fieldname,fieldvalue,fieldvalueindex) VALUES (3,'dateDebut','2012/04/21',0);
INSERT INTO sb_formtemplate_textfield (recordid,fieldname,fieldvalue,fieldvalueindex) VALUES (3,'dateFin','2012/03/17',0);
INSERT INTO sb_formtemplate_textfield (recordid,fieldname,fieldvalue,fieldvalueindex) VALUES (3,'debutJourneeOuDemi','Journée',0);
INSERT INTO sb_formtemplate_textfield (recordid,fieldname,fieldvalue,fieldvalueindex) VALUES (3,'finJourneeOuDemi','Journée',0);
INSERT INTO sb_formtemplate_textfield (recordid,fieldname,fieldvalue,fieldvalueindex) VALUES (3,'motifRefus','',0);
INSERT INTO sb_formtemplate_textfield (recordid,fieldname,fieldvalue,fieldvalueindex) VALUES (3,'commentaires','OK',0);
INSERT INTO sb_formtemplate_textfield (recordid,fieldname,fieldvalue,fieldvalueindex) VALUES (5,'commentaires','OK',0);
INSERT INTO sb_formtemplate_textfield (recordid,fieldname,fieldvalue,fieldvalueindex) VALUES (14,'category','2',0);
INSERT INTO sb_formtemplate_textfield (recordid,fieldname,fieldvalue,fieldvalueindex) VALUES (14,'photo','52',0);
INSERT INTO sb_formtemplate_textfield (recordid,fieldname,fieldvalue,fieldvalueindex) VALUES (14,'type','3',0);
INSERT INTO sb_formtemplate_textfield (recordid,fieldname,fieldvalue,fieldvalueindex) VALUES (14,'description','Pour encore changer de contenu !',0);
INSERT INTO sb_formtemplate_textfield (recordid,fieldname,fieldvalue,fieldvalueindex) VALUES (15,'type','3',0);
INSERT INTO sb_formtemplate_textfield (recordid,fieldname,fieldvalue,fieldvalueindex) VALUES (15,'photo','47',0);
INSERT INTO sb_formtemplate_textfield (recordid,fieldname,fieldvalue,fieldvalueindex) VALUES (15,'description','Pour encore changer de contenu !',0);
INSERT INTO sb_formtemplate_textfield (recordid,fieldname,fieldvalue,fieldvalueindex) VALUES (15,'category','2',0);
INSERT INTO sb_formtemplate_textfield (recordid,fieldname,fieldvalue,fieldvalueindex) VALUES (16,'description','Pour encore changer de contenu !',0);
INSERT INTO sb_formtemplate_textfield (recordid,fieldname,fieldvalue,fieldvalueindex) VALUES (16,'category','2',0);
INSERT INTO sb_formtemplate_textfield (recordid,fieldname,fieldvalue,fieldvalueindex) VALUES (16,'type','3',0);
INSERT INTO sb_formtemplate_textfield (recordid,fieldname,fieldvalue,fieldvalueindex) VALUES (16,'photo',null,0);
INSERT INTO sb_formtemplate_textfield (recordid,fieldname,fieldvalue,fieldvalueindex) VALUES (17,'category','2',0);
INSERT INTO sb_formtemplate_textfield (recordid,fieldname,fieldvalue,fieldvalueindex) VALUES (17,'type','3',0);
INSERT INTO sb_formtemplate_textfield (recordid,fieldname,fieldvalue,fieldvalueindex) VALUES (17,'photo',null,0);
INSERT INTO sb_formtemplate_textfield (recordid,fieldname,fieldvalue,fieldvalueindex) VALUES (17,'description','Pour encore changer de contenu !',0);
INSERT INTO sb_formtemplate_textfield (recordid,fieldname,fieldvalue,fieldvalueindex) VALUES (18,'category','2',0);
INSERT INTO sb_formtemplate_textfield (recordid,fieldname,fieldvalue,fieldvalueindex) VALUES (18,'photo',null,0);
INSERT INTO sb_formtemplate_textfield (recordid,fieldname,fieldvalue,fieldvalueindex) VALUES (18,'description','Pour encore changer de contenu !',0);
INSERT INTO sb_formtemplate_textfield (recordid,fieldname,fieldvalue,fieldvalueindex) VALUES (18,'type','3',0);
INSERT INTO sb_formtemplate_textfield (recordid,fieldname,fieldvalue,fieldvalueindex) VALUES (19,'category','2',0);
INSERT INTO sb_formtemplate_textfield (recordid,fieldname,fieldvalue,fieldvalueindex) VALUES (19,'type','3',0);
INSERT INTO sb_formtemplate_textfield (recordid,fieldname,fieldvalue,fieldvalueindex) VALUES (19,'photo',null,0);
INSERT INTO sb_formtemplate_textfield (recordid,fieldname,fieldvalue,fieldvalueindex) VALUES (19,'description','Pour encore changer de contenu !',0);
INSERT INTO sb_formtemplate_textfield (recordid,fieldname,fieldvalue,fieldvalueindex) VALUES (20,'category','2',0);
INSERT INTO sb_formtemplate_textfield (recordid,fieldname,fieldvalue,fieldvalueindex) VALUES (20,'photo',null,0);
INSERT INTO sb_formtemplate_textfield (recordid,fieldname,fieldvalue,fieldvalueindex) VALUES (20,'description','Pour encore changer de contenu !',0);
INSERT INTO sb_formtemplate_textfield (recordid,fieldname,fieldvalue,fieldvalueindex) VALUES (20,'type','3',0);
INSERT INTO sb_formtemplate_textfield (recordid,fieldname,fieldvalue,fieldvalueindex) VALUES (21,'category','2',0);
INSERT INTO sb_formtemplate_textfield (recordid,fieldname,fieldvalue,fieldvalueindex) VALUES (21,'type','3',0);
INSERT INTO sb_formtemplate_textfield (recordid,fieldname,fieldvalue,fieldvalueindex) VALUES (21,'photo','49',0);
INSERT INTO sb_formtemplate_textfield (recordid,fieldname,fieldvalue,fieldvalueindex) VALUES (21,'description','Pour encore changer de contenu !',0);
INSERT INTO sb_formtemplate_textfield (recordid,fieldname,fieldvalue,fieldvalueindex) VALUES (22,'photo',null,0);
INSERT INTO sb_formtemplate_textfield (recordid,fieldname,fieldvalue,fieldvalueindex) VALUES (22,'category','2',0);
INSERT INTO sb_formtemplate_textfield (recordid,fieldname,fieldvalue,fieldvalueindex) VALUES (22,'type','3',0);
INSERT INTO sb_formtemplate_textfield (recordid,fieldname,fieldvalue,fieldvalueindex) VALUES (22,'description','Pour encore changer de contenu !',0);
INSERT INTO sb_formtemplate_textfield (recordid,fieldname,fieldvalue,fieldvalueindex) VALUES (23,'category','2',0);
INSERT INTO sb_formtemplate_textfield (recordid,fieldname,fieldvalue,fieldvalueindex) VALUES (23,'type','3',0);
INSERT INTO sb_formtemplate_textfield (recordid,fieldname,fieldvalue,fieldvalueindex) VALUES (23,'photo',null,0);
INSERT INTO sb_formtemplate_textfield (recordid,fieldname,fieldvalue,fieldvalueindex) VALUES (23,'description','Pour encore changer de contenu !',0);
INSERT INTO sb_formtemplate_textfield (recordid,fieldname,fieldvalue,fieldvalueindex) VALUES (24,'category','2',0);
INSERT INTO sb_formtemplate_textfield (recordid,fieldname,fieldvalue,fieldvalueindex) VALUES (24,'type','3',0);
INSERT INTO sb_formtemplate_textfield (recordid,fieldname,fieldvalue,fieldvalueindex) VALUES (24,'photo',null,0);
INSERT INTO sb_formtemplate_textfield (recordid,fieldname,fieldvalue,fieldvalueindex) VALUES (24,'description','Pour encore changer de contenu !',0);
INSERT INTO sb_formtemplate_textfield (recordid,fieldname,fieldvalue,fieldvalueindex) VALUES (25,'category','2',0);
INSERT INTO sb_formtemplate_textfield (recordid,fieldname,fieldvalue,fieldvalueindex) VALUES (25,'type','3',0);
INSERT INTO sb_formtemplate_textfield (recordid,fieldname,fieldvalue,fieldvalueindex) VALUES (25,'photo',null,0);
INSERT INTO sb_formtemplate_textfield (recordid,fieldname,fieldvalue,fieldvalueindex) VALUES (25,'description','Pour encore changer de contenu !',0);
INSERT INTO sb_formtemplate_textfield (recordid,fieldname,fieldvalue,fieldvalueindex) VALUES (26,'category','2',0);
INSERT INTO sb_formtemplate_textfield (recordid,fieldname,fieldvalue,fieldvalueindex) VALUES (26,'type','3',0);
INSERT INTO sb_formtemplate_textfield (recordid,fieldname,fieldvalue,fieldvalueindex) VALUES (26,'photo',null,0);
INSERT INTO sb_formtemplate_textfield (recordid,fieldname,fieldvalue,fieldvalueindex) VALUES (26,'description','Pour encore changer de contenu !',0);
INSERT INTO sb_formtemplate_textfield (recordid,fieldname,fieldvalue,fieldvalueindex) VALUES (27,'category','2',0);
INSERT INTO sb_formtemplate_textfield (recordid,fieldname,fieldvalue,fieldvalueindex) VALUES (27,'type','3',0);
INSERT INTO sb_formtemplate_textfield (recordid,fieldname,fieldvalue,fieldvalueindex) VALUES (27,'photo','50',0);
INSERT INTO sb_formtemplate_textfield (recordid,fieldname,fieldvalue,fieldvalueindex) VALUES (27,'description','Pour encore changer de contenu !',0);
INSERT INTO sb_formtemplate_textfield (recordid,fieldname,fieldvalue,fieldvalueindex) VALUES (28,'category','2',0);
INSERT INTO sb_formtemplate_textfield (recordid,fieldname,fieldvalue,fieldvalueindex) VALUES (28,'type','3',0);
INSERT INTO sb_formtemplate_textfield (recordid,fieldname,fieldvalue,fieldvalueindex) VALUES (28,'photo',null,0);
INSERT INTO sb_formtemplate_textfield (recordid,fieldname,fieldvalue,fieldvalueindex) VALUES (28,'description','Pour encore changer de contenu !',0);
INSERT INTO sb_formtemplate_textfield (recordid,fieldname,fieldvalue,fieldvalueindex) VALUES (29,'category','2',0);
INSERT INTO sb_formtemplate_textfield (recordid,fieldname,fieldvalue,fieldvalueindex) VALUES (29,'type','3',0);
INSERT INTO sb_formtemplate_textfield (recordid,fieldname,fieldvalue,fieldvalueindex) VALUES (29,'description','Pour encore changer de contenu !',0);
INSERT INTO sb_formtemplate_textfield (recordid,fieldname,fieldvalue,fieldvalueindex) VALUES (29,'photo',null,0);
INSERT INTO sb_formtemplate_textfield (recordid,fieldname,fieldvalue,fieldvalueindex) VALUES (30,'category','2',0);
INSERT INTO sb_formtemplate_textfield (recordid,fieldname,fieldvalue,fieldvalueindex) VALUES (30,'type','3',0);
INSERT INTO sb_formtemplate_textfield (recordid,fieldname,fieldvalue,fieldvalueindex) VALUES (30,'photo',null,0);
INSERT INTO sb_formtemplate_textfield (recordid,fieldname,fieldvalue,fieldvalueindex) VALUES (30,'description','Pour encore changer de contenu !',0);
INSERT INTO sb_formtemplate_textfield (recordid,fieldname,fieldvalue,fieldvalueindex) VALUES (31,'category','2',0);
INSERT INTO sb_formtemplate_textfield (recordid,fieldname,fieldvalue,fieldvalueindex) VALUES (31,'type','3',0);
INSERT INTO sb_formtemplate_textfield (recordid,fieldname,fieldvalue,fieldvalueindex) VALUES (31,'photo',null,0);
INSERT INTO sb_formtemplate_textfield (recordid,fieldname,fieldvalue,fieldvalueindex) VALUES (31,'description','Pour encore changer de contenu !',0);
INSERT INTO sb_formtemplate_textfield (recordid,fieldname,fieldvalue,fieldvalueindex) VALUES (32,'category','2',0);
INSERT INTO sb_formtemplate_textfield (recordid,fieldname,fieldvalue,fieldvalueindex) VALUES (32,'type','3',0);
INSERT INTO sb_formtemplate_textfield (recordid,fieldname,fieldvalue,fieldvalueindex) VALUES (32,'photo',null,0);
INSERT INTO sb_formtemplate_textfield (recordid,fieldname,fieldvalue,fieldvalueindex) VALUES (32,'description','Pour encore changer de contenu !',0);
INSERT INTO sb_formtemplate_textfield (recordid,fieldname,fieldvalue,fieldvalueindex) VALUES (33,'category','2',0);
INSERT INTO sb_formtemplate_textfield (recordid,fieldname,fieldvalue,fieldvalueindex) VALUES (33,'type','3',0);
INSERT INTO sb_formtemplate_textfield (recordid,fieldname,fieldvalue,fieldvalueindex) VALUES (33,'photo',null,0);
INSERT INTO sb_formtemplate_textfield (recordid,fieldname,fieldvalue,fieldvalueindex) VALUES (33,'description','Pour encore changer de contenu !',0);
INSERT INTO sb_formtemplate_textfield (recordid,fieldname,fieldvalue,fieldvalueindex) VALUES (34,'category','2',0);
INSERT INTO sb_formtemplate_textfield (recordid,fieldname,fieldvalue,fieldvalueindex) VALUES (34,'type','3',0);
INSERT INTO sb_formtemplate_textfield (recordid,fieldname,fieldvalue,fieldvalueindex) VALUES (34,'photo',null,0);
INSERT INTO sb_formtemplate_textfield (recordid,fieldname,fieldvalue,fieldvalueindex) VALUES (34,'description','Pour encore changer de contenu !',0);
INSERT INTO sb_formtemplate_textfield (recordid,fieldname,fieldvalue,fieldvalueindex) VALUES (35,'category','2',0);
INSERT INTO sb_formtemplate_textfield (recordid,fieldname,fieldvalue,fieldvalueindex) VALUES (35,'type','3',0);
INSERT INTO sb_formtemplate_textfield (recordid,fieldname,fieldvalue,fieldvalueindex) VALUES (35,'description','Pour encore changer de contenu !',0);
INSERT INTO sb_formtemplate_textfield (recordid,fieldname,fieldvalue,fieldvalueindex) VALUES (35,'photo',null,0);
INSERT INTO sb_formtemplate_textfield (recordid,fieldname,fieldvalue,fieldvalueindex) VALUES (36,'category','2',0);
INSERT INTO sb_formtemplate_textfield (recordid,fieldname,fieldvalue,fieldvalueindex) VALUES (36,'type','3',0);
INSERT INTO sb_formtemplate_textfield (recordid,fieldname,fieldvalue,fieldvalueindex) VALUES (36,'photo',null,0);
INSERT INTO sb_formtemplate_textfield (recordid,fieldname,fieldvalue,fieldvalueindex) VALUES (36,'description','Pour encore changer de contenu !',0);
INSERT INTO sb_formtemplate_textfield (recordid,fieldname,fieldvalue,fieldvalueindex) VALUES (37,'category','2',0);
INSERT INTO sb_formtemplate_textfield (recordid,fieldname,fieldvalue,fieldvalueindex) VALUES (37,'type','3',0);
INSERT INTO sb_formtemplate_textfield (recordid,fieldname,fieldvalue,fieldvalueindex) VALUES (37,'photo',null,0);
INSERT INTO sb_formtemplate_textfield (recordid,fieldname,fieldvalue,fieldvalueindex) VALUES (37,'description','Pour encore changer de contenu !',0);
INSERT INTO sb_formtemplate_textfield (recordid,fieldname,fieldvalue,fieldvalueindex) VALUES (38,'category','2',0);
INSERT INTO sb_formtemplate_textfield (recordid,fieldname,fieldvalue,fieldvalueindex) VALUES (38,'type','3',0);
INSERT INTO sb_formtemplate_textfield (recordid,fieldname,fieldvalue,fieldvalueindex) VALUES (38,'photo',null,0);
INSERT INTO sb_formtemplate_textfield (recordid,fieldname,fieldvalue,fieldvalueindex) VALUES (38,'description','Pour encore changer de contenu !',0);
INSERT INTO sb_formtemplate_textfield (recordid,fieldname,fieldvalue,fieldvalueindex) VALUES (39,'category','2',0);
INSERT INTO sb_formtemplate_textfield (recordid,fieldname,fieldvalue,fieldvalueindex) VALUES (39,'type','3',0);
INSERT INTO sb_formtemplate_textfield (recordid,fieldname,fieldvalue,fieldvalueindex) VALUES (39,'photo',null,0);
INSERT INTO sb_formtemplate_textfield (recordid,fieldname,fieldvalue,fieldvalueindex) VALUES (39,'description','Pour encore changer de contenu !',0);
INSERT INTO sb_formtemplate_textfield (recordid,fieldname,fieldvalue,fieldvalueindex) VALUES (40,'category','2',0);
INSERT INTO sb_formtemplate_textfield (recordid,fieldname,fieldvalue,fieldvalueindex) VALUES (40,'type','3',0);
INSERT INTO sb_formtemplate_textfield (recordid,fieldname,fieldvalue,fieldvalueindex) VALUES (40,'photo',null,0);
INSERT INTO sb_formtemplate_textfield (recordid,fieldname,fieldvalue,fieldvalueindex) VALUES (40,'description','Pour encore changer de contenu !',0);
INSERT INTO sb_formtemplate_textfield (recordid,fieldname,fieldvalue,fieldvalueindex) VALUES (41,'category','2',0);
INSERT INTO sb_formtemplate_textfield (recordid,fieldname,fieldvalue,fieldvalueindex) VALUES (41,'type','3',0);
INSERT INTO sb_formtemplate_textfield (recordid,fieldname,fieldvalue,fieldvalueindex) VALUES (41,'photo',null,0);
INSERT INTO sb_formtemplate_textfield (recordid,fieldname,fieldvalue,fieldvalueindex) VALUES (41,'description','Pour encore changer de contenu !',0);
INSERT INTO sb_formtemplate_textfield (recordid,fieldname,fieldvalue,fieldvalueindex) VALUES (42,'category','2',0);
INSERT INTO sb_formtemplate_textfield (recordid,fieldname,fieldvalue,fieldvalueindex) VALUES (42,'type','3',0);
INSERT INTO sb_formtemplate_textfield (recordid,fieldname,fieldvalue,fieldvalueindex) VALUES (42,'photo',null,0);
INSERT INTO sb_formtemplate_textfield (recordid,fieldname,fieldvalue,fieldvalueindex) VALUES (42,'description','Pour encore changer de contenu !',0);
INSERT INTO sb_formtemplate_textfield (recordid,fieldname,fieldvalue,fieldvalueindex) VALUES (43,'description','Pour encore changer de contenu !',0);
INSERT INTO sb_formtemplate_textfield (recordid,fieldname,fieldvalue,fieldvalueindex) VALUES (43,'category','2',0);
INSERT INTO sb_formtemplate_textfield (recordid,fieldname,fieldvalue,fieldvalueindex) VALUES (43,'type','3',0);
INSERT INTO sb_formtemplate_textfield (recordid,fieldname,fieldvalue,fieldvalueindex) VALUES (43,'photo',null,0);
INSERT INTO sb_formtemplate_textfield (recordid,fieldname,fieldvalue,fieldvalueindex) VALUES (44,'category','2',0);
INSERT INTO sb_formtemplate_textfield (recordid,fieldname,fieldvalue,fieldvalueindex) VALUES (44,'type','3',0);
INSERT INTO sb_formtemplate_textfield (recordid,fieldname,fieldvalue,fieldvalueindex) VALUES (44,'photo',null,0);
INSERT INTO sb_formtemplate_textfield (recordid,fieldname,fieldvalue,fieldvalueindex) VALUES (44,'description','Pour encore changer de contenu !',0);
INSERT INTO sb_formtemplate_textfield (recordid,fieldname,fieldvalue,fieldvalueindex) VALUES (45,'category','2',0);
INSERT INTO sb_formtemplate_textfield (recordid,fieldname,fieldvalue,fieldvalueindex) VALUES (45,'type','3',0);
INSERT INTO sb_formtemplate_textfield (recordid,fieldname,fieldvalue,fieldvalueindex) VALUES (45,'photo',null,0);
INSERT INTO sb_formtemplate_textfield (recordid,fieldname,fieldvalue,fieldvalueindex) VALUES (45,'description','Pour encore changer de contenu !',0);
INSERT INTO sb_formtemplate_textfield (recordid,fieldname,fieldvalue,fieldvalueindex) VALUES (46,'photo',null,0);
INSERT INTO sb_formtemplate_textfield (recordid,fieldname,fieldvalue,fieldvalueindex) VALUES (46,'description','Pour encore changer de contenu !',0);
INSERT INTO sb_formtemplate_textfield (recordid,fieldname,fieldvalue,fieldvalueindex) VALUES (46,'category','2',0);
INSERT INTO sb_formtemplate_textfield (recordid,fieldname,fieldvalue,fieldvalueindex) VALUES (46,'type','3',0);
INSERT INTO sb_formtemplate_textfield (recordid,fieldname,fieldvalue,fieldvalueindex) VALUES (47,'category','2',0);
INSERT INTO sb_formtemplate_textfield (recordid,fieldname,fieldvalue,fieldvalueindex) VALUES (47,'type','3',0);
INSERT INTO sb_formtemplate_textfield (recordid,fieldname,fieldvalue,fieldvalueindex) VALUES (47,'photo',null,0);
INSERT INTO sb_formtemplate_textfield (recordid,fieldname,fieldvalue,fieldvalueindex) VALUES (47,'description','Pour encore changer de contenu !',0);
INSERT INTO sb_formtemplate_textfield (recordid,fieldname,fieldvalue,fieldvalueindex) VALUES (48,'category','2',0);
INSERT INTO sb_formtemplate_textfield (recordid,fieldname,fieldvalue,fieldvalueindex) VALUES (48,'type','3',0);
INSERT INTO sb_formtemplate_textfield (recordid,fieldname,fieldvalue,fieldvalueindex) VALUES (48,'photo',null,0);
INSERT INTO sb_formtemplate_textfield (recordid,fieldname,fieldvalue,fieldvalueindex) VALUES (48,'description','Pour encore changer de contenu !',0);
INSERT INTO sb_formtemplate_textfield (recordid,fieldname,fieldvalue,fieldvalueindex) VALUES (49,'category','2',0);
INSERT INTO sb_formtemplate_textfield (recordid,fieldname,fieldvalue,fieldvalueindex) VALUES (49,'type','3',0);
INSERT INTO sb_formtemplate_textfield (recordid,fieldname,fieldvalue,fieldvalueindex) VALUES (49,'photo',null,0);
INSERT INTO sb_formtemplate_textfield (recordid,fieldname,fieldvalue,fieldvalueindex) VALUES (49,'description','Pour encore changer de contenu !',0);
INSERT INTO sb_formtemplate_textfield (recordid,fieldname,fieldvalue,fieldvalueindex) VALUES (50,'category','2',0);
INSERT INTO sb_formtemplate_textfield (recordid,fieldname,fieldvalue,fieldvalueindex) VALUES (50,'type','3',0);
INSERT INTO sb_formtemplate_textfield (recordid,fieldname,fieldvalue,fieldvalueindex) VALUES (50,'photo',null,0);
INSERT INTO sb_formtemplate_textfield (recordid,fieldname,fieldvalue,fieldvalueindex) VALUES (50,'description','Pour encore changer de contenu !',0);
INSERT INTO sb_formtemplate_textfield (recordid,fieldname,fieldvalue,fieldvalueindex) VALUES (51,'category','2',0);
INSERT INTO sb_formtemplate_textfield (recordid,fieldname,fieldvalue,fieldvalueindex) VALUES (51,'type','3',0);
INSERT INTO sb_formtemplate_textfield (recordid,fieldname,fieldvalue,fieldvalueindex) VALUES (51,'photo',null,0);
INSERT INTO sb_formtemplate_textfield (recordid,fieldname,fieldvalue,fieldvalueindex) VALUES (51,'description','Pour encore changer de contenu !',0);
INSERT INTO sb_formtemplate_textfield (recordid,fieldname,fieldvalue,fieldvalueindex) VALUES (52,'category','2',0);
INSERT INTO sb_formtemplate_textfield (recordid,fieldname,fieldvalue,fieldvalueindex) VALUES (52,'type','3',0);
INSERT INTO sb_formtemplate_textfield (recordid,fieldname,fieldvalue,fieldvalueindex) VALUES (52,'photo',null,0);
INSERT INTO sb_formtemplate_textfield (recordid,fieldname,fieldvalue,fieldvalueindex) VALUES (52,'description','Pour encore changer de contenu !',0);
INSERT INTO sb_formtemplate_textfield (recordid,fieldname,fieldvalue,fieldvalueindex) VALUES (53,'category','2',0);
INSERT INTO sb_formtemplate_textfield (recordid,fieldname,fieldvalue,fieldvalueindex) VALUES (53,'type','3',0);
INSERT INTO sb_formtemplate_textfield (recordid,fieldname,fieldvalue,fieldvalueindex) VALUES (53,'photo',null,0);
INSERT INTO sb_formtemplate_textfield (recordid,fieldname,fieldvalue,fieldvalueindex) VALUES (53,'description','Pour encore changer de contenu !',0);
INSERT INTO sb_formtemplate_textfield (recordid,fieldname,fieldvalue,fieldvalueindex) VALUES (54,'photo',null,0);
INSERT INTO sb_formtemplate_textfield (recordid,fieldname,fieldvalue,fieldvalueindex) VALUES (54,'description','Pour encore changer de contenu !',0);
INSERT INTO sb_formtemplate_textfield (recordid,fieldname,fieldvalue,fieldvalueindex) VALUES (54,'category','2',0);
INSERT INTO sb_formtemplate_textfield (recordid,fieldname,fieldvalue,fieldvalueindex) VALUES (54,'type','3',0);
INSERT INTO sb_formtemplate_textfield (recordid,fieldname,fieldvalue,fieldvalueindex) VALUES (55,'category','2',0);
INSERT INTO sb_formtemplate_textfield (recordid,fieldname,fieldvalue,fieldvalueindex) VALUES (55,'type','3',0);
INSERT INTO sb_formtemplate_textfield (recordid,fieldname,fieldvalue,fieldvalueindex) VALUES (55,'photo',null,0);
INSERT INTO sb_formtemplate_textfield (recordid,fieldname,fieldvalue,fieldvalueindex) VALUES (55,'description','Pour encore changer de contenu !',0);
INSERT INTO sb_formtemplate_textfield (recordid,fieldname,fieldvalue,fieldvalueindex) VALUES (56,'category','2',0);
INSERT INTO sb_formtemplate_textfield (recordid,fieldname,fieldvalue,fieldvalueindex) VALUES (56,'type','3',0);
INSERT INTO sb_formtemplate_textfield (recordid,fieldname,fieldvalue,fieldvalueindex) VALUES (56,'photo',null,0);
INSERT INTO sb_formtemplate_textfield (recordid,fieldname,fieldvalue,fieldvalueindex) VALUES (56,'description','Pour encore changer de contenu !',0);
INSERT INTO sb_formtemplate_textfield (recordid,fieldname,fieldvalue,fieldvalueindex) VALUES (57,'category','2',0);
INSERT INTO sb_formtemplate_textfield (recordid,fieldname,fieldvalue,fieldvalueindex) VALUES (57,'type','3',0);
INSERT INTO sb_formtemplate_textfield (recordid,fieldname,fieldvalue,fieldvalueindex) VALUES (57,'photo',null,0);
INSERT INTO sb_formtemplate_textfield (recordid,fieldname,fieldvalue,fieldvalueindex) VALUES (57,'description','Pour encore changer de contenu !',0);
INSERT INTO sb_formtemplate_textfield (recordid,fieldname,fieldvalue,fieldvalueindex) VALUES (58,'category','2',0);
INSERT INTO sb_formtemplate_textfield (recordid,fieldname,fieldvalue,fieldvalueindex) VALUES (58,'type','3',0);
INSERT INTO sb_formtemplate_textfield (recordid,fieldname,fieldvalue,fieldvalueindex) VALUES (58,'photo',null,0);
INSERT INTO sb_formtemplate_textfield (recordid,fieldname,fieldvalue,fieldvalueindex) VALUES (58,'description','Pour encore changer de contenu !',0);
INSERT INTO sb_formtemplate_textfield (recordid,fieldname,fieldvalue,fieldvalueindex) VALUES (59,'category','2',0);
INSERT INTO sb_formtemplate_textfield (recordid,fieldname,fieldvalue,fieldvalueindex) VALUES (59,'type','3',0);
INSERT INTO sb_formtemplate_textfield (recordid,fieldname,fieldvalue,fieldvalueindex) VALUES (59,'photo',null,0);
INSERT INTO sb_formtemplate_textfield (recordid,fieldname,fieldvalue,fieldvalueindex) VALUES (59,'description','Pour encore changer de contenu !',0);
INSERT INTO sb_formtemplate_textfield (recordid,fieldname,fieldvalue,fieldvalueindex) VALUES (60,'category','2',0);
INSERT INTO sb_formtemplate_textfield (recordid,fieldname,fieldvalue,fieldvalueindex) VALUES (60,'type','3',0);
INSERT INTO sb_formtemplate_textfield (recordid,fieldname,fieldvalue,fieldvalueindex) VALUES (60,'photo',null,0);
INSERT INTO sb_formtemplate_textfield (recordid,fieldname,fieldvalue,fieldvalueindex) VALUES (60,'description','Pour encore changer de contenu !',0);
INSERT INTO sb_formtemplate_textfield (recordid,fieldname,fieldvalue,fieldvalueindex) VALUES (61,'category','2',0);
INSERT INTO sb_formtemplate_textfield (recordid,fieldname,fieldvalue,fieldvalueindex) VALUES (61,'type','3',0);
INSERT INTO sb_formtemplate_textfield (recordid,fieldname,fieldvalue,fieldvalueindex) VALUES (61,'photo',null,0);
INSERT INTO sb_formtemplate_textfield (recordid,fieldname,fieldvalue,fieldvalueindex) VALUES (61,'description','Pour encore changer de contenu !',0);
INSERT INTO sb_formtemplate_textfield (recordid,fieldname,fieldvalue,fieldvalueindex) VALUES (62,'category','2',0);
INSERT INTO sb_formtemplate_textfield (recordid,fieldname,fieldvalue,fieldvalueindex) VALUES (62,'type','3',0);
INSERT INTO sb_formtemplate_textfield (recordid,fieldname,fieldvalue,fieldvalueindex) VALUES (62,'photo',null,0);
INSERT INTO sb_formtemplate_textfield (recordid,fieldname,fieldvalue,fieldvalueindex) VALUES (62,'description','Pour encore changer de contenu !',0);
INSERT INTO sb_formtemplate_textfield (recordid,fieldname,fieldvalue,fieldvalueindex) VALUES (63,'category','2',0);
INSERT INTO sb_formtemplate_textfield (recordid,fieldname,fieldvalue,fieldvalueindex) VALUES (63,'type','3',0);
INSERT INTO sb_formtemplate_textfield (recordid,fieldname,fieldvalue,fieldvalueindex) VALUES (63,'photo','44',0);
INSERT INTO sb_formtemplate_textfield (recordid,fieldname,fieldvalue,fieldvalueindex) VALUES (63,'description','Pour encore changer de contenu !',0);
INSERT INTO sb_formtemplate_textfield (recordid,fieldname,fieldvalue,fieldvalueindex) VALUES (64,'category','2',0);
INSERT INTO sb_formtemplate_textfield (recordid,fieldname,fieldvalue,fieldvalueindex) VALUES (64,'type','3',0);
INSERT INTO sb_formtemplate_textfield (recordid,fieldname,fieldvalue,fieldvalueindex) VALUES (64,'photo',null,0);
INSERT INTO sb_formtemplate_textfield (recordid,fieldname,fieldvalue,fieldvalueindex) VALUES (64,'description','Pour encore changer de contenu !',0);
INSERT INTO sb_formtemplate_textfield (recordid,fieldname,fieldvalue,fieldvalueindex) VALUES (65,'category','4',0);
INSERT INTO sb_formtemplate_textfield (recordid,fieldname,fieldvalue,fieldvalueindex) VALUES (65,'type','2',0);
INSERT INTO sb_formtemplate_textfield (recordid,fieldname,fieldvalue,fieldvalueindex) VALUES (65,'photo',null,0);
INSERT INTO sb_formtemplate_textfield (recordid,fieldname,fieldvalue,fieldvalueindex) VALUES (65,'description','Mon avatar',0);
INSERT INTO sb_formtemplate_textfield (recordid,fieldname,fieldvalue,fieldvalueindex) VALUES (66,'category','1',0);
INSERT INTO sb_formtemplate_textfield (recordid,fieldname,fieldvalue,fieldvalueindex) VALUES (66,'type','1',0);
INSERT INTO sb_formtemplate_textfield (recordid,fieldname,fieldvalue,fieldvalueindex) VALUES (66,'photo',null,0);
INSERT INTO sb_formtemplate_textfield (recordid,fieldname,fieldvalue,fieldvalueindex) VALUES (66,'description','ab',0);
INSERT INTO sb_formtemplate_textfield (recordid,fieldname,fieldvalue,fieldvalueindex) VALUES (67,'category','',0);
INSERT INTO sb_formtemplate_textfield (recordid,fieldname,fieldvalue,fieldvalueindex) VALUES (67,'type','',0);
INSERT INTO sb_formtemplate_textfield (recordid,fieldname,fieldvalue,fieldvalueindex) VALUES (67,'photo',null,0);
INSERT INTO sb_formtemplate_textfield (recordid,fieldname,fieldvalue,fieldvalueindex) VALUES (67,'description','',0);
INSERT INTO sb_formtemplate_textfield (recordid,fieldname,fieldvalue,fieldvalueindex) VALUES (69,'category','2',0);
INSERT INTO sb_formtemplate_textfield (recordid,fieldname,fieldvalue,fieldvalueindex) VALUES (69,'type','1',0);
INSERT INTO sb_formtemplate_textfield (recordid,fieldname,fieldvalue,fieldvalueindex) VALUES (70,'category','2',0);
INSERT INTO sb_formtemplate_textfield (recordid,fieldname,fieldvalue,fieldvalueindex) VALUES (70,'type','2',0);
INSERT INTO sb_formtemplate_textfield (recordid,fieldname,fieldvalue,fieldvalueindex) VALUES (71,'category','2',0);
INSERT INTO sb_formtemplate_textfield (recordid,fieldname,fieldvalue,fieldvalueindex) VALUES (71,'type','3',0);
INSERT INTO sb_formtemplate_textfield (recordid,fieldname,fieldvalue,fieldvalueindex) VALUES (72,'category','2',0);
INSERT INTO sb_formtemplate_textfield (recordid,fieldname,fieldvalue,fieldvalueindex) VALUES (72,'type','1',0);
INSERT INTO sb_formtemplate_textfield (recordid,fieldname,fieldvalue,fieldvalueindex) VALUES (73,'category','2',0);
INSERT INTO sb_formtemplate_textfield (recordid,fieldname,fieldvalue,fieldvalueindex) VALUES (73,'type','1',0);
INSERT INTO sb_formtemplate_textfield (recordid,fieldname,fieldvalue,fieldvalueindex) VALUES (74,'category','2',0);
INSERT INTO sb_formtemplate_textfield (recordid,fieldname,fieldvalue,fieldvalueindex) VALUES (74,'type','2',0);
INSERT INTO sb_formtemplate_textfield (recordid,fieldname,fieldvalue,fieldvalueindex) VALUES (106,'category','2',0);
INSERT INTO sb_formtemplate_textfield (recordid,fieldname,fieldvalue,fieldvalueindex) VALUES (106,'type','2',0);
